{"spot_diameter_fullres": 18.664763999999998, "tissue_hires_scalef": 0.9045681, "fiducial_diameter_fullres": 30.150774000000016, "tissue_lowres_scalef": 0.2713704}