{"spot_diameter_fullres": 213.58088999999998, "tissue_hires_scalef": 0.07303535, "fiducial_diameter_fullres": 345.0153, "tissue_lowres_scalef": 0.021910604}