{"spot_diameter_fullres": 54.41226, "tissue_hires_scalef": 0.29686806, "fiducial_diameter_fullres": 87.89671999999997, "tissue_lowres_scalef": 0.08906041}