{"spot_diameter_fullres": 21.166536000000004, "tissue_hires_scalef": 0.7889546, "fiducial_diameter_fullres": 34.192097, "tissue_lowres_scalef": 0.2366864}