{"spot_diameter_fullres": 215.23140000000006, "tissue_hires_scalef": 0.07302468, "fiducial_diameter_fullres": 347.6815000000001, "tissue_lowres_scalef": 0.021907404}